{
  "rf_scenario_acc": 0.5908133971291866,
  "lgb_scenario_acc": 0.5372248803827752,
  "fusion_scenario_acc": 0.5709090909090909,
  "rf_binary_acc": 0.5038277511961723,
  "lgb_binary_acc": 0.5060287081339713
}